{
    "parent": "item/handheld",
    "textures": {
        "layer0": "items/diamond_sword"
    },
    "overrides": [
		{"predicate": {"damage": 0.9948750800768738},"model": "item/emerald_sickle"},
		{"predicate": {"damage": 0.9955156950672646},"model": "item/diamond_sickle"},
		{"predicate": {"damage": 0.9961563100576553},"model": "item/golden_sickle"},
		{"predicate": {"damage": 0.9967969250480461},"model": "item/iron_sickle"},
		{"predicate": {"damage": 0.9974375400384369},"model": "item/end_stone_sickle"},
		{"predicate": {"damage": 0.9980781550288277},"model": "item/stone_sickle"},
		{"predicate": {"damage": 0.99871877001},"model": "item/wooden_sickle"},
        {"predicate": {"damage": 0.99935938501},"model": "item/golden_cod"},
		{"predicate": {"damage": 1.0},"model": "item/emerald_sword"}
    ]
}